{
    "title": "Isp vs Chamber pressure",
    "parametric inputs": {
        "study name": null,
        "chamber pressure low end": 300.00066026400003,
        "chamber pressure high end": 700.001540616,
        "chamber pressure step size": 100.000220088
    },
    "parametric outputs": {
        "chamber pressure": [
            300.00066026400003,
            400.000880352,
            500.00110044,
            600.0013205280001,
            700.001540616
        ],
        "specific impulse": [
            232.19039338816302,
            240.76444357380927,
            246.92692253098332,
            251.66849942310745,
            255.48296084011415
        ],
        "apogee reached": [
            true,
            true,
            true,
            true,
            true
        ],
        "rocket parameters for given input": [
            {
                "initial internal fuel radius": 1.8352213279330445,
                "average oxidizer to fuel ratio": 6.0838676937671305,
                "fuel mass": 6.262746346984075,
                "chamber temperature": 3181.4628747318316,
                "chamber gas molar weight": 0.0245187781169793,
                "heat capacity ratio": 1.1859489140895776,
                "average fuel mass flow rate": 0.7725348802070614,
                "total propellant mass flow rate": 5.4725348802070615,
                "burntime": 8.106748973335005,
                "nozzle throat area": 6.5958488655468335,
                "nozzle throat radius": 1.4489756272018037,
                "nozzle gas exit pressure": 14.097261314240999,
                "nozzle gas exit mach number": 2.572275932439001,
                "nozzle exit area": 25.46173810859223,
                "nozzle exit radius": 2.846883896822363,
                "nozzle gas exit temperature": 1969.7324732805162,
                "nozzle gas exit velocity": 2289.400895369016,
                "thrust": 12461.016217001394,
                "Isp": 232.19039338816302,
                "total impulse": 101018.3304238869,
                "oxidizer mass": 38.101720174674526,
                "wet mass": 133.2544665216586,
                "thrust to weight ratio": 9.535665556540216,
                "reached apogee": 45000.07551550662,
                "apogee reached T/F": true
            },
            {
                "initial internal fuel radius": 1.8962641465406795,
                "average oxidizer to fuel ratio": 6.091367614291512,
                "fuel mass": 6.009454833694218,
                "chamber temperature": 3202.8479238228556,
                "chamber gas molar weight": 0.024567535506326576,
                "heat capacity ratio": 1.1883835593806065,
                "average fuel mass flow rate": 0.7715837062555381,
                "total propellant mass flow rate": 5.471583706255538,
                "burntime": 7.7884677773430955,
                "nozzle throat area": 4.954033608674467,
                "nozzle throat radius": 1.2557558405379088,
                "nozzle gas exit pressure": 14.097261314240999,
                "nozzle gas exit mach number": 2.725114916201171,
                "nozzle exit area": 23.45705979636874,
                "nozzle exit radius": 2.7325147815168176,
                "nozzle gas exit temperature": 1884.5915425797416,
                "nozzle gas exit velocity": 2372.5100108494507,
                "thrust": 12918.915966403783,
                "Isp": 240.76444357380927,
                "total impulse": 100618.5607225391,
                "oxidizer mass": 36.60579855351255,
                "wet mass": 131.50525338720678,
                "thrust to weight ratio": 10.017567911338611,
                "reached apogee": 44999.89340585996,
                "apogee reached T/F": true
            },
            {
                "initial internal fuel radius": 1.936020942911682,
                "average oxidizer to fuel ratio": 6.096244789776591,
                "fuel mass": 5.8400313936882275,
                "chamber temperature": 3218.730191511279,
                "chamber gas molar weight": 0.02460316870820477,
                "heat capacity ratio": 1.1903465840274705,
                "average fuel mass flow rate": 0.7709664165523513,
                "total propellant mass flow rate": 5.4709664165523515,
                "burntime": 7.574949139553954,
                "nozzle throat area": 3.9673564777412897,
                "nozzle throat radius": 1.1237671816095947,
                "nozzle gas exit pressure": 14.097261314240999,
                "nozzle gas exit mach number": 2.8433182316742793,
                "nozzle exit area": 22.051008112341236,
                "nozzle exit radius": 2.6493537893623094,
                "nozzle gas exit temperature": 1819.083055622328,
                "nozzle gas exit velocity": 2432.26012105838,
                "thrust": 13248.0869021828,
                "Isp": 246.92692253098332,
                "total impulse": 100353.58448042562,
                "oxidizer mass": 35.60226095590359,
                "wet mass": 130.3322923495918,
                "thrust to weight ratio": 10.365266168157481,
                "reached apogee": 44999.69339474244,
                "apogee reached T/F": true
            },
            {
                "initial internal fuel radius": 1.9645625232655328,
                "average oxidizer to fuel ratio": 6.099741974216486,
                "fuel mass": 5.71623388738294,
                "chamber temperature": 3231.241722816461,
                "chamber gas molar weight": 0.024630952744744382,
                "heat capacity ratio": 1.1919928377234816,
                "average fuel mass flow rate": 0.7705243959280289,
                "total propellant mass flow rate": 5.470524395928029,
                "burntime": 7.41862803772519,
                "nozzle throat area": 3.30876702715425,
                "nozzle throat radius": 1.0262633676234243,
                "nozzle gas exit pressure": 14.097261314240999,
                "nozzle gas exit mach number": 2.9399328478319884,
                "nozzle exit area": 20.98469957526572,
                "nozzle exit radius": 2.584503415886687,
                "nozzle gas exit temperature": 1765.979208084341,
                "nozzle gas exit velocity": 2478.2408628536837,
                "thrust": 13501.390369778383,
                "Isp": 251.66849942310745,
                "total impulse": 100161.79314551078,
                "oxidizer mass": 34.86755177730839,
                "wet mass": 129.47378566469132,
                "thrust to weight ratio": 10.633493557886776,
                "reached apogee": 45000.162128700686,
                "apogee reached T/F": true
            },
            {
                "initial internal fuel radius": 1.986374974009094,
                "average oxidizer to fuel ratio": 6.102412104013572,
                "fuel mass": 5.620402245809331,
                "chamber temperature": 3241.4888077644373,
                "chamber gas molar weight": 0.02465354878707056,
                "heat capacity ratio": 1.1934105651937812,
                "average fuel mass flow rate": 0.7701872505314414,
                "total propellant mass flow rate": 5.470187250531442,
                "burntime": 7.297449083883387,
                "nozzle throat area": 2.8378882661390072,
                "nozzle throat radius": 0.9504370958947018,
                "nozzle gas exit pressure": 14.097261314240999,
                "nozzle gas exit mach number": 3.021777715342243,
                "nozzle exit area": 20.134671996833127,
                "nozzle exit radius": 2.5316170507448246,
                "nozzle gas exit temperature": 1721.4221863835483,
                "nozzle gas exit velocity": 2515.2347364578964,
                "thrust": 13705.182062706555,
                "Isp": 255.48296084011415,
                "total impulse": 100012.86828795298,
                "oxidizer mass": 34.29801069425192,