{
    "title": "Isp vs Average oxidizer to fuel ratio",
    "parametric inputs": {
        "study name": "",
        "average oxidizer to fuel ratio unit": "dimensionless",
        "average oxidizer to fuel ratio low end": 1,
        "average oxidizer to fuel ratio high end": 5,
        "average oxidizer to fuel ratio step size": 1
    },
    "parametric outputs": {
        "average oxidizer to fuel ratio": [
            1,
            2,
            3,
            4,
            5
        ],
        "specific impulse": [
            168.59828799515594,
            192.1200353113275,
            210.08852102860013,
            230.41461200418942,
            243.7641687694358
        ],
        "apogee reached": [
            false,
            false,
            false,
            true,
            true
        ],
        "rocket parameters for given input": [
            {
                "initial internal fuel radius": 0.393701,
                "oxidizer mass flow rate": 0.0864406739492804,
                "fuel mass": 9.835639348607288,
                "chamber temperature": 1239.0808715277894,
                "chamber gas molar weight": 0.019471974686153578,
                "heat capacity ratio": 1.2631648651815264,
                "average fuel mass flow rate": 0.0864406739492804,
                "total propellant mass flow rate": 0.1728813478985608,
                "burntime": 113.78485265372191,
                "nozzle throat area": 0.07133235759282801,
                "nozzle throat radius": 0.1506846527042103,
                "nozzle gas exit pressure": 14.097261314240999,
                "nozzle gas exit mach number": 3.0005416206237774,
                "nozzle exit area": 0.4023150327427615,
                "nozzle exit radius": 0.3578564610435694,
                "nozzle gas exit temperature": 567.1708465319091,
                "nozzle gas exit velocity": 1659.5820083392555,
                "thrust": 285.8393238337498,
                "Isp": 168.59828799515594,
                "total impulse": 32524.185345062724,
                "oxidizer mass": 9.83563934860729,
                "wet mass": 108.56127869721458,
                "thrust to weight ratio": 0.2684889090454326,
                "reached apogee": 0.0,
                "apogee reached T/F": false
            },
            {
                "initial internal fuel radius": 0.393701,
                "oxidizer mass flow rate": 0.4103836451056703,
                "fuel mass": 9.835639348607288,
                "chamber temperature": 1554.4256683212066,
                "chamber gas molar weight": 0.018563242514803867,
                "heat capacity ratio": 1.276484542862961,
                "average fuel mass flow rate": 0.2051918225528352,
                "total propellant mass flow rate": 0.6155754676585055,
                "burntime": 47.933875854505324,
                "nozzle throat area": 0.29028139605456343,
                "nozzle throat radius": 0.3039732269958418,
                "nozzle gas exit pressure": 14.097261314240999,
                "nozzle gas exit mach number": 3.011121669576461,
                "nozzle exit area": 1.6039019454628174,
                "nozzle exit radius": 0.7145204113040358,
                "nozzle gas exit temperature": 689.8065949899822,
                "nozzle gas exit velocity": 1890.993033152222,
                "thrust": 1159.7773878476016,
                "Isp": 192.1200353113275,
                "total impulse": 55592.625327949405,
                "oxidizer mass": 19.67127869721457,
                "wet mass": 118.39691804582186,
                "thrust to weight ratio": 0.9988805666171856,
                "reached apogee": 5032.089299316889,
                "apogee reached T/F": false
            },
            {
                "initial internal fuel radius": 0.393701,
                "oxidizer mass flow rate": 1.0207061679622365,
                "fuel mass": 9.835639348607288,
                "chamber temperature": 1916.9736178964117,
                "chamber gas molar weight": 0.01906034812968641,
                "heat capacity ratio": 1.2809588636954041,
                "average fuel mass flow rate": 0.34023538932074543,
                "total propellant mass flow rate": 1.360941557282982,
                "burntime": 28.90833716105607,
                "nozzle throat area": 0.7024648693364273,
                "nozzle throat radius": 0.47286594432322043,
                "nozzle gas exit pressure": 14.097261314240999,
                "nozzle gas exit mach number": 3.014623516938836,
                "nozzle exit area": 3.855024872029618,
                "nozzle exit radius": 1.1077437915440256,
                "nozzle gas exit temperature": 842.00740036064,
                "nozzle gas exit velocity": 2067.80845522176,
                "thrust": 2803.8997059874173,
                "Isp": 210.08852102860013,
                "total impulse": 81056.07806647025,
                "oxidizer mass": 29.50691804582186,
                "wet mass": 128.23255739442914,
                "thrust to weight ratio": 2.229684916105111,
                "reached apogee": 33184.69127922534,
                "apogee reached T/F": false
            },
            {
                "initial internal fuel radius": 1.1502005112446592,
                "oxidizer mass flow rate": 1.8896916530973262,
                "fuel mass": 8.536868450378412,
                "chamber temperature": 2522.3597778244216,
                "chamber gas molar weight": 0.021164528699680916,
                "heat capacity ratio": 1.2658862770485615,
                "average fuel mass flow rate": 0.47242291327433156,
                "total propellant mass flow rate": 2.3621145663716576,
                "burntime": 18.07039457762527,
                "nozzle throat area": 1.3327918698137735,
                "nozzle throat radius": 0.6513387252817019,
                "nozzle gas exit pressure": 14.097261314240999,
                "nozzle gas exit mach number": 3.0027222986238513,
                "nozzle exit area": 7.485216985262231,
                "nozzle exit radius": 1.5435756881735196,
                "nozzle gas exit temperature": 1147.2255726897802,
                "nozzle gas exit velocity": 2268.0348121379943,
                "thrust": 5337.4233379159805,
                "Isp": 230.41461200418942,
                "total impulse": 96449.3457439675,
                "oxidizer mass": 34.147473801513655,
                "wet mass": 131.57434225189206,
                "thrust to weight ratio": 4.136564181168407,
                "reached apogee": 45000.04839561789,
                "apogee reached T/F": true
            },
            {
                "initial internal fuel radius": 1.6953057860700984,
                "oxidizer mass flow rate": 3.0435655210746235,
                "fuel mass": 6.81204661962254,
                "chamber temperature": 2954.141431929321,
                "chamber gas molar weight": 0.023063165136372483,
                "heat capacity ratio": 1.2272429310057986,
                "average fuel mass flow rate": 0.6087131042149247,
                "total propellant mass flow rate": 3.652278625289548,
                "burntime": 11.190898589916573,
                "nozzle throat area": 2.160102597845212,
                "nozzle throat radius": 0.829206928228686,
                "nozzle gas exit pressure": 14.097261314240999,
                "nozzle gas exit mach number": 2.970824925816515,
                "nozzle exit area": 12.904903673408915,
                "nozzle exit radius": 2.0267636940250355,
                "nozzle gas exit temperature": 1475.0054028543004,
                "nozzle gas exit velocity": 2399.920041257928,
                "thrust": 8730.80815894956,
                "Isp": 243.7641687694358,
                "total impulse": 97705.58871482074,
                "oxidizer mass": 34.060233098112704,
                "wet mass": 129.76227971773523,